RealTime,ExcelTime,Speed,StateOfCharge,BMSTmp,MotorTmp,Pck0Tmp,Pck1Tmp,Pck2Tmp,Pck3Tmp,TtlVltg,Pck0Cl1Vltg,Cl2Vltg,Cl3Vltg,Cl4Vltg,Cl5Vltg,C62Vltg,Cl7Vltg,Cl8Vltg,Cl9Vltg,Cl10Vltg,Pck1Cl1Vltg,Cl2Vltg,Cl3Vltg,Cl4Vltg,Cl5Vltg,C62Vltg,Cl7Vltg,Cl8Vltg,Cl9Vltg,Cl10Vltg,Pck2Cl1Vltg,Cl2Vltg,Cl3Vltg,Cl4Vltg,Cl5Vltg,C62Vltg,Cl7Vltg,Cl8Vltg,Cl9Vltg,Cl10Vltg,Pck3Cl1Vltg,Cl2Vltg,Cl3Vltg,Cl4Vltg,Cl5Vltg,C62Vltg,Cl7Vltg,Cl8Vltg,Cl9Vltg,Cl10Vltg

12:53:52.000,12:53:52,5.0,45.0,2,2,3,4,2,5,44,8.54321,5.2738476,5.4475327,5.124618,3.9726036,3.9461296,3.221228,3.3734155,3.0843484,2.0130665,8.54321,5.2738476,5.4475327,5.124618,3.9726036,3.9461296,3.221228,3.3734155,3.0843484,2.0130665,8.54321,5.2738476,5.4475327,5.124618,3.9726036,3.9461296,3.221228,3.3734155,3.0843484,2.0130665,8.54321,5.2738476,5.4475327,5.124618,3.9726036,3.9461296,3.221228,3.3734155,3.0843484,2.0130665
